company_name,2018,2019,2020,2021
"TRANSUNION INTERMEDIATE HOLDINGS, INC.",28352.0,38874.0,85105.0,24871.0
"EQUIFAX, INC.",30057.0,40918.0,78388.0,21333.0
Experian Information Solutions Inc.,29921.0,37004.0,89221.0,7511.0
"BANK OF AMERICA, NATIONAL ASSOCIATION",8312.0,7535.0,9450.0,2624.0
CAPITAL ONE FINANCIAL CORPORATION,7678.0,7655.0,9776.0,2493.0
JPMORGAN CHASE & CO.,8906.0,8260.0,9222.0,2070.0
"CITIBANK, N.A.",7263.0,7065.0,8720.0,2041.0
WELLS FARGO & COMPANY,8789.0,7423.0,7534.0,1676.0
SYNCHRONY FINANCIAL,4676.0,4654.0,4842.0,1151.0
U.S. BANCORP,2391.0,2473.0,4154.0,1055.0
"Paypal Holdings, Inc",987.0,1628.0,2497.0,1055.0
PORTFOLIO RECOVERY ASSOCIATES INC,2881.0,2259.0,3160.0,946.0
Alliance Data Card Services,2655.0,2666.0,3090.0,815.0
AMERICAN EXPRESS COMPANY,2859.0,2826.0,3172.0,676.0
TD BANK US HOLDING COMPANY,2117.0,1880.0,2448.0,672.0
DISCOVER BANK,2008.0,2141.0,2579.0,650.0
Santander Consumer USA Holdings Inc.,1327.0,1225.0,1915.0,585.0
ENCORE CAPITAL GROUP INC.,1851.0,1676.0,1949.0,550.0
ALLY FINANCIAL INC.,1119.0,1081.0,1621.0,534.0
NAVY FEDERAL CREDIT UNION,1133.0,1162.0,1498.0,518.0
"Navient Solutions, LLC.",5102.0,3796.0,2151.0,449.0
BARCLAYS BANK DELAWARE,1358.0,1323.0,1694.0,401.0
"Coinbase, Inc.",1694.0,191.0,321.0,353.0
AES/PHEAA,2267.0,2205.0,1566.0,344.0
PNC Bank N.A.,1650.0,1506.0,4086.0,316.0
"CITIZENS FINANCIAL GROUP, INC.",956.0,1018.0,905.0,282.0
Chime Financial Inc,,,397.0,280.0
"Colony Brands, Inc.",215.0,223.0,171.0,52.0
"Mobiloans, LLC",54.0,55.0,41.0,4.0
Premier Student Loan Center,57.0,80.0,46.0,2.0
Ameritech Financial,149.0,59.0,8.0,
